{"intrinsic": {"cx": 256.0, "cy": 256.0, "fx": 525.0, "fy": 525.0, "z_near": 0.5, "z_far": 1.5}, "pose": [0.9975640502598243, -0.0697564737441253, -0.0, 0.0, 0.0697564737441253, 0.9975640502598243, 0.0, 0.0, 0.0, -0.0, 1.0, 0.0, 0.0, 0.0, 1.2, 1.0]}