{"intrinsic": {"cx": 256.0, "cy": 256.0, "fx": 525.0, "fy": 525.0, "z_near": 0.5, "z_far": 1.5}, "pose": [0.9986295347545738, -0.052335956242943835, -0.0, 0.0, 0.052335956242943835, 0.9986295347545738, 0.0, 0.0, 0.0, -0.0, 0.9999999999999999, 0.0, 0.0, 0.0, 1.2, 1.0]}