{"intrinsic": {"cx": 256.0, "cy": 256.0, "fx": 525.0, "fy": 525.0, "z_near": 0.5, "z_far": 1.5}, "pose": [0.9961946980917457, -0.08715574274765818, -0.0, 0.0, 0.08715574274765818, 0.9961946980917457, 0.0, 0.0, 0.0, -0.0, 1.0000000000000002, 0.0, 0.0, 0.0, 1.2, 1.0]}