{"intrinsic": {"cx": 256.0, "cy": 256.0, "fx": 525.0, "fy": 525.0, "z_near": 0.5, "z_far": 1.5}, "pose": [0.9998476951563913, -0.01745240643728351, -0.0, 0.0, 0.01745240643728351, 0.9998476951563913, 0.0, 0.0, 0.0, -0.0, 1.0, 0.0, 0.0, 0.0, 1.2, 1.0]}