{"intrinsic": {"cx": 256.0, "cy": 256.0, "fx": 525.0, "fy": 525.0, "z_near": 0.5, "z_far": 1.5}, "pose": [0.992546151641322, -0.12186934340514748, -0.0, 0.0, 0.12186934340514748, 0.992546151641322, 0.0, 0.0, 0.0, -0.0, 0.9999999999999999, 0.0, 0.0, 0.0, 1.2, 1.0]}