{"intrinsic": {"cx": 256.0, "cy": 256.0, "fx": 525.0, "fy": 525.0, "z_near": 0.5, "z_far": 1.5}, "pose": [0.9902680687415703, -0.13917310096006544, -0.0, 0.0, 0.13917310096006544, 0.9902680687415703, 0.0, 0.0, 0.0, -0.0, 0.9999999999999999, 0.0, 0.0, 0.0, 1.2, 1.0]}