{"intrinsic": {"cx": 256.0, "cy": 256.0, "fx": 525.0, "fy": 525.0, "z_near": 0.5, "z_far": 1.5}, "pose": [0.9876883405951378, -0.15643446504023087, -0.0, 0.0, 0.15643446504023087, 0.9876883405951378, 0.0, 0.0, 0.0, -0.0, 1.0, 0.0, 0.0, 0.0, 1.2, 1.0]}